<?xml version="1.0" encoding="UTF-8"?>
<!DOCTYPE mapper PUBLIC "-//mybatis.org//DTD Mapper 3.0//EN" 
"http://mybatis.org/dtd/mybatis-3-mapper.dtd">

<mapper namespace="com.insurance.dao.InsuranceDAO">
<insert id="InsertInsurance"
      parameterType="com.insurance.model.insurance.Insurance">
      INSERT INTO Insurance (
      insuranceName, premium,
      warranty, rewardCost, kind, premiumRate, rewardRate
      ) VALUES (
      #{insuranceName}, #{premium},  #{warranty}, #{rewardCost}, #{kind}, #{premiumRate}, #{rewardRate}
      )
   </insert>
   
   <select id="SelectInsuranceList" resultType="com.insurance.model.insurance.Insurance" parameterType="com.insurance.model.insurance.Insurance">
        SELECT * FROM Insurance
    </select>
    
    <select id="SelectInsuranceInfo"
      resultType="com.insurance.model.insurance.Insurance">
      select insuranceID, insuranceName, kind, premium, premiumRate, warranty, rewardCost, rewardRate
      from insurance 
      where insuranceID = #{insuranceID}
   </select>
   
   <update id="UpdateInsuranceInfo"
      parameterType="com.insurance.model.insurance.Insurance">
      update insurance set insuranceName = #{insuranceName},
      kind = #{kind}, premium = #{premium}, premiumRate = #{premiumRate}, 
      warranty = #{warranty}, rewardCost = #{rewardCost}, rewardRate = #{rewardRate}
      where insuranceID = #{insuranceID}
   </update>
   
   <delete id="DeleteInsurance" parameterType="int">
      delete from insurance
      where insuranceID = #{insuranceID}
   </delete>
    
</mapper>